{
  "image_path": "assets\\field_diagram.png",
  "labels_order": [
    "home",
    "first",
    "second",
    "third"
  ],
  "statcast_targets": {
    "home": [
      125.0,
      25.0
    ],
    "first": [
      165.0,
      85.0
    ],
    "second": [
      125.0,
      138.0
    ],
    "third": [
      85.0,
      85.0
    ]
  },
  "pixel_clicks": {
    "home": [
      507.4741935483871,
      586.1709677419356
    ],
    "first": [
      654.5193548387097,
      472.54516129032265
    ],
    "second": [
      507.4741935483871,
      358.91935483870975
    ],
    "third": [
      362.6569892473118,
      474.77311827956987
    ]
  },
  "affine_A_2x3": [
    [
      3.648279569892484,
      0.0006095165093339405,
      51.94549430973649
    ],
    [
      -0.027849462365477744,
      -2.0066154225664747,
      643.6340672619787
    ]
  ]
}