{
  "image_path": "assets\\field_diagram.png",
  "labels_order": [
    "home",
    "first",
    "second",
    "third"
  ],
  "statcast_targets": {
    "home": [
      125.0,
      25.0
    ],
    "first": [
      165.0,
      85.0
    ],
    "second": [
      125.0,
      138.0
    ],
    "third": [
      85.0,
      85.0
    ]
  },
  "pixel_clicks": {
    "home": [
      507.4741935483871,
      586.1709677419356
    ],
    "first": [
      652.2913978494623,
      474.77311827956987
    ],
    "second": [
      507.4741935483871,
      358.91935483870975
    ],
    "third": [
      362.6569892473118,
      474.77311827956987
    ]
  },
  "affine_A_2x3": [
    [
      3.620430107526893,
      -1.5210055437364645e-14,
      54.9204301075271
    ],
    [
      1.1302009038231719e-13,
      -2.006005906057127,
      640.6591314641887
    ]
  ]
}